PassengerId,Transported
3868_05,False
6405_02,True
3021_01,False
7578_01,False
9158_01,True
1051_01,True
5515_01,False
4944_01,True
5397_01,True
6891_01,False
1165_01,True
3053_01,False
0961_01,True
3744_01,True
3562_02,False
6137_03,True
4814_01,True
0207_01,False
0220_01,False
6334_06,False
8363_01,True
2171_02,False
4632_02,True
8390_01,True
1536_01,True
7071_01,True
6394_01,True
6748_01,True
6098_01,False
4595_01,True
8279_01,True
3895_01,False
2480_01,False
0251_01,True
5472_01,True
3410_01,True
8644_02,False
6355_01,False
7790_02,False
8354_02,True
6036_02,False
8272_01,True
0944_02,True
7711_01,False
4911_01,False
4915_01,True
0306_01,False
6578_02,True
6982_01,True
0906_01,True
8998_01,False
8456_01,True
7127_02,True
5299_01,True
8416_01,True
3894_01,True
8029_01,False
7283_01,True
0683_01,False
5751_01,False
9188_01,False
6405_04,True
3984_01,False
2055_03,False
5254_01,True
0250_01,False
2084_02,True
7458_01,True
2215_01,True
0434_01,True
4897_01,False
0718_01,False
4980_01,False
2235_01,False
2703_01,False
3371_01,False
0237_01,True
0663_01,False
3535_02,True
3431_01,True
3036_01,False
2189_01,False
4240_01,True
5888_02,False
7134_01,True
2486_01,False
1551_01,False
6905_03,False
2843_01,False
6766_03,True
7644_01,True
4044_03,True
8890_01,False
2329_01,True
0502_01,False
1687_01,False
5416_01,True
1152_01,False
1353_02,False
7182_01,False
7267_02,True
6175_02,True
0179_03,False
1994_01,False
2558_04,True
7522_01,False
8168_07,True
1742_01,True
2318_01,False
4262_02,False
2241_01,False
1049_01,True
8619_01,False
0559_01,False
4405_01,True
2602_01,False
7271_01,True
8587_01,False
1878_01,False
7684_01,True
7444_01,True
4220_01,False
6896_03,True
0599_02,True
6744_03,True
6207_02,True
5526_02,True
1942_01,False
4607_01,False
5414_02,True
7656_01,True
4663_04,True
7045_01,True
0211_01,False
2693_04,True
8475_02,False
1670_02,True
7133_01,False
6691_01,False
5989_01,False
8102_01,False
2211_01,True
6776_01,False
4890_02,True
1386_01,False
8136_02,False
5949_02,True
1550_02,False
4487_01,False
8144_01,True
6625_01,True
4222_02,False
7982_01,True
5637_01,False
4260_01,True
7543_01,False
4172_06,True
8834_01,False
8034_02,False
9132_02,False
0984_05,False
3162_02,False
6634_02,False
7250_01,True
3520_01,False
0302_01,False
3124_02,False
2164_01,True
4641_01,True
5561_04,True
3781_01,False
3499_01,False
0772_01,False
1991_01,False
8717_01,False
3608_03,True
9156_01,True
1602_01,False
1935_01,False
2818_01,True
1221_02,False
2959_01,False
0905_01,False
2928_03,True
3561_01,True
1086_05,True
5814_04,True
0660_01,True
4901_01,True
9163_01,True
8530_01,False
1515_01,False
1898_01,False
0160_01,False
7190_01,True
2092_02,False
5268_01,True
1435_01,False
6170_01,False
6706_01,True
1332_01,False
6297_01,True
5802_01,False
4695_03,True
8796_04,True
1995_01,False
3711_03,True
2648_01,False
3591_01,False
4256_03,True
4097_01,False
5223_02,True
2714_01,True
2668_02,False
6436_01,False
4704_01,False
0177_01,False
4672_01,True
8082_01,False
0105_01,False
6227_01,False
8856_01,True
4667_01,False
5497_01,True
6802_01,False
7162_01,False
0564_02,True
6720_01,True
1877_01,False
8458_02,True
6782_01,False
8342_01,False
3243_01,False
8623_01,True
5742_01,False
0031_01,False
3678_01,True
9034_05,False
1993_01,False
2814_01,True
3679_01,True
8157_02,False
8656_01,False
3020_01,False
7452_01,True
0539_01,True
6218_02,False
8596_02,True
0738_01,True
2722_01,True
5477_01,False
1377_01,True
2737_01,False
7343_01,False
5527_04,True
8354_01,True
4338_01,True
1452_05,True
4977_01,True
4351_01,False
8802_01,True
4848_01,True
5067_01,True
5514_04,True
7148_01,False
7311_01,True
1154_01,True
1581_01,True
5908_01,False
5821_01,False
6006_01,False
4465_01,True
8081_01,True
2555_01,True
7086_01,False
4518_01,False
7741_01,True
0379_01,False
6951_02,True
5814_07,True
3384_03,True
0051_01,False
7916_01,True
0245_01,True
9112_01,False
6582_01,False
8252_02,False
4134_01,True
2751_01,True
3677_01,False
3168_01,False
7176_02,True
5223_01,False
3499_02,False
6238_01,True
8043_04,True
3945_01,False
1335_01,False
4390_01,True
6450_02,True
4014_02,True
0893_01,True
0044_02,True
8366_01,True
8071_01,False
0571_07,True
8561_01,True
2186_01,False
2143_02,False
4726_04,True
5514_03,False
8577_01,True
5272_01,True
3815_01,False
0285_01,True
2062_01,False
5208_02,False
3298_01,False
2730_02,False
6984_03,False
7002_01,False
8118_01,False
7899_02,False
1960_02,True
5737_01,True
1155_02,True
9259_01,True
0567_01,True
7072_01,False
9159_01,False
2798_02,True
5856_01,True
6367_01,False
1146_01,False
8328_01,False
3598_01,False
5796_01,False
3353_06,True
6930_01,True
4899_01,True
2526_01,True
1503_02,False
3124_03,True
5410_01,False
0815_01,False
3420_01,True
4546_01,True
7742_02,True
6963_01,False
8238_02,True
2204_01,True
3594_01,True
3528_01,False
0918_01,False
6858_03,False
0571_05,True
5976_01,False
7289_01,False
6032_01,True
4256_05,False
3849_01,False
3888_01,True
5423_01,False
3818_01,False
1655_01,False
3759_01,True
3090_01,True
4360_01,True
6968_02,False
3927_02,True
3328_01,False
8735_01,False
0488_01,True
5061_02,True
5867_01,False
7385_01,False
1704_02,True
9038_01,True
2817_01,True
8005_01,False
5378_01,False
1685_03,True
4916_01,True
1195_01,True
6780_02,True
4741_01,True
2591_01,False
1933_01,True
5647_02,False
0563_01,False
2441_01,False
1740_01,False
5737_02,True
7696_02,False
8302_02,False
4530_01,False
6335_01,False
3015_01,False
9001_01,False
6150_01,False
0036_01,False
5608_01,False
7935_01,False
3726_01,True
8825_01,True
7008_01,False
7068_01,False
1807_01,False
1350_01,True
8988_03,True
2234_06,True
0167_02,False
2179_01,False
3063_02,False
5740_02,False
0303_01,True
2094_01,True
7435_01,True
4371_03,True
5163_01,True
4441_02,True
1715_01,True
7396_01,True
6665_04,False
4297_01,True
8098_02,True
0765_01,False
0417_03,True
7110_01,False
4770_01,True
8055_01,True
2634_01,True
6475_01,True
5206_01,True
4479_01,False
4996_01,True
5846_01,False
7741_02,True
8394_01,False
9161_01,True
8743_01,False
2489_01,True
4942_01,True
6370_01,True
5661_01,True
5949_01,False
4000_02,False
4887_01,True
6761_02,False
4933_01,True
6470_01,False
1413_01,True
4137_01,False
6626_01,True
0907_01,False
7018_01,False
0874_01,True
8663_02,True
0038_01,False
7652_01,True
2557_01,True
0534_01,False
2488_01,False
8383_06,False
3963_01,False
7411_01,False
5814_03,True
2384_07,False
4165_01,True
0825_01,True
1425_03,False
4438_01,False
7691_01,True
2819_01,False
4656_02,False
3959_01,False
8063_01,True
0904_01,True
4829_01,False
9157_04,True
0017_02,False
0713_01,False
9150_01,False
4879_01,False
2055_02,False
0263_01,True
3445_01,False
9157_06,False
1308_04,True
6810_03,True
8056_02,True
2832_01,False
8289_01,True
3790_01,True
6096_03,False
0417_02,False
7155_01,False
5511_01,True
0128_02,False
0330_01,True
1592_01,True
6726_01,True
1959_01,True
0186_01,False
7405_01,True
2188_01,False
6920_01,False
2237_02,True
5551_01,True
5142_02,False
0337_02,False
3674_01,False
6912_01,False
2790_05,True
4631_01,True
3610_01,True
0719_01,False
6207_01,False
4204_03,True
5794_01,False
4168_02,False
4289_01,True
8216_01,False
5619_01,True
8637_01,True
3392_01,True
6473_01,True
6742_01,False
1608_01,False
0902_01,False
9061_01,False
6907_01,True
5909_01,True
3184_02,True
7219_04,False
4388_01,True
2466_01,False
4831_01,True
4005_08,False
4581_01,True
6624_01,False
3370_01,False
4512_01,False
6665_03,True
4402_01,True
5520_01,True
5569_01,True
0043_01,False
6155_01,False
6130_01,True
1775_01,True
7699_01,True
1959_02,False
3923_03,True
1708_01,False
6625_02,False
8186_01,True
7273_01,False
7945_01,True
3121_01,False
1939_01,False
3247_01,False
1167_01,True
1238_02,True
6503_01,False
6826_01,False
1056_02,True
7683_01,False
4630_01,False
1430_01,True
4918_01,True
4000_01,False
3444_03,False
8783_01,False
0899_01,True
7993_02,True
4177_03,False
5521_01,False
6340_02,False
4371_01,True
7866_01,False
2172_01,True
4206_01,True
6813_01,False
1256_01,False
7366_01,False
4744_01,True
5301_01,True
8594_01,False
3954_01,False
5440_02,False
5085_01,True
0429_02,True
2347_06,False
5930_03,True
0127_01,False
1360_01,True
8282_01,False
2602_03,False
7159_01,True
8379_01,False
6654_02,True
8975_01,False
3324_01,True
4399_01,True
7313_01,False
5944_01,True
4927_04,True
8903_01,False
9261_01,True
1100_02,True
5721_02,False
4336_04,True
6848_01,True
2685_01,False
5090_03,True
5951_01,False
5885_03,True
1447_01,False
3274_03,False
4662_01,False
0768_01,False
1068_01,True
7920_01,True
4658_02,False
8012_03,True
8500_01,True
3851_01,True
2255_02,True
3100_01,False
0457_02,False
6000_02,True
5090_06,False
8646_04,False
0020_02,True
6453_01,False
3916_02,True
1940_01,True
6673_01,False
4128_02,True
8451_01,False
4782_05,False
0164_02,True
8842_01,True
5282_01,False
5685_01,True
8321_01,False
7830_02,True
6092_01,True
4473_02,False
0192_02,False
8049_01,False
1250_01,False
7970_01,True
4422_02,True
0953_01,False
1179_01,True
1299_01,True
3048_01,True
5058_03,True
1863_01,True
6017_01,True
7525_01,False
3314_01,False
5642_02,True
8120_01,True
5016_01,True
9157_03,True
5834_01,False
3903_03,True
6810_05,True
3112_01,True
7247_01,False
5167_01,False
3045_01,True
0672_01,False
7509_01,False
0173_01,True
5561_03,False
4943_01,True
1718_01,False
1962_03,False
0671_01,False
6068_01,True
7560_01,True
5517_01,False
0525_01,True
4244_01,False
7261_01,True
6049_01,True
2631_01,True
2336_02,False
0146_01,False
3225_02,True
2823_01,True
3867_01,False
8733_01,False
5334_02,False
1428_01,False
7304_01,True
8191_01,False
3523_01,True
8597_01,False
7721_01,True
1455_01,True
5836_01,True
2892_05,False
8961_04,False
1117_01,False
0356_01,True
5695_01,True
5755_01,False
3149_02,True
3294_02,True
4492_01,False
7259_01,False
7096_01,True
2141_01,True
7083_02,True
1632_01,True
5831_01,True
8641_02,True
7419_02,False
6110_01,True
8966_01,False
1140_02,True
3136_01,True
6862_01,True
3162_01,True
5420_01,True
6118_01,False
6719_01,True
3971_01,False
6997_02,False
7858_01,False
3421_01,False
0547_01,False
1431_01,False
8596_01,True
2962_01,False
8785_02,True
5711_01,False
7118_01,True
0818_01,False
8437_01,False
7085_02,True
8612_01,False
0348_01,True
4726_05,False
2426_02,True
8589_01,False
6328_03,False
6248_01,True
1568_02,True
2024_01,False
6801_01,True
0656_01,False
1233_01,False
9015_01,False
1045_01,True
8956_08,False
8618_01,False
0585_02,True
5643_03,False
0305_01,False
3490_02,False
5488_04,True
4822_02,True
5530_01,True
3132_01,True
6731_01,False
2636_01,False
6363_03,False
1328_01,False
3539_01,False
5938_02,True
8639_01,False
4309_02,False
2431_01,False
0899_02,True
1498_01,False
4301_01,True
8542_01,True
1095_01,True
6421_01,True
3412_02,True
1611_01,False
9176_01,False
1952_01,False
7962_01,False
3807_01,True
1821_01,False
7284_01,False
2943_01,True
6357_01,False
1353_03,True
5307_01,True
1500_07,True
0315_01,True
0907_02,True
6979_01,False
4461_01,True
7142_01,True
3922_01,True
1630_01,True
1568_01,False
3273_01,True
7858_03,False
0077_01,True
0555_02,False
1977_01,True
6262_02,False
2347_01,False
6485_01,False
0577_01,False
5246_02,True
8152_01,True
8798_01,False
2906_01,False
5034_01,False
8060_02,True
8741_01,True
5414_04,False
3668_01,True
4116_01,True
1467_01,False
1001_01,True
6143_01,True
6611_02,True
7947_01,False
8610_01,True
6443_05,False
2376_01,False
8973_01,True
0241_01,False
2081_01,True
4014_01,False
2941_01,False
4498_02,True
5606_02,False
4017_02,True
0269_01,True
6552_01,True
6065_01,True
7442_02,True
4544_01,True
5560_01,False
8668_01,True
3032_03,True
2584_01,False
7872_01,True
4498_08,False
3047_01,True
4585_01,False
2835_01,False
8322_02,True
8988_01,True
1006_01,False
2708_01,False
4604_01,False
2961_01,False
8451_02,True
3707_02,True
4256_02,True
2391_01,False
3936_01,False
2518_01,True
8772_01,True
1760_01,False
5888_01,False
4408_01,True
7710_01,True
7709_02,True
8512_01,False
0052_01,False
6024_01,True
5922_01,True
9013_03,True
0770_06,False
9244_01,True
0445_01,False
0534_02,False
4515_02,True
2310_02,True
0598_01,True
0436_01,True
9235_01,False
2123_02,True
6885_01,True
5186_01,True
9233_01,True
2982_01,True
1604_01,False
5829_01,False
2790_02,False
0179_01,True
4437_01,True
5010_01,False
3955_01,False
4409_01,True
8511_01,False
2321_01,False
0602_01,True
0619_02,True
0500_01,True
9014_01,True
4411_01,False
7833_01,False
9264_01,True
2477_02,True
8524_01,True
6585_01,True
0355_01,False
6137_01,True
3216_02,True
7576_01,True
6971_01,True
1625_02,True
8988_05,True
3189_02,False
8817_01,False
4372_01,True
7650_01,True
5465_01,True
4655_02,True
7019_02,False
4898_01,False
0211_02,True
0984_07,True
1452_02,True
4665_01,True
1662_01,False
0231_01,False
6681_01,False
2769_01,False
3195_05,True
5538_02,True
7744_01,True
3883_03,True
7179_01,True
2635_01,False
3095_01,True
2024_02,False
0012_01,False
6588_01,False
3459_01,True
1365_01,False
3430_01,True
5957_02,True
6996_01,False
4662_03,True
8932_01,False
6030_06,True
1976_06,True
7334_01,False
7028_01,True
2348_01,False
3974_01,False
6966_01,False
1865_04,False
1410_01,True
7041_01,True
1113_01,False
2594_01,True
4274_01,True
8329_01,False
5763_02,False
3280_01,True
2277_01,True
6433_02,True
1983_01,False
6940_01,True
7650_05,True
8341_01,False
2054_01,False
7905_01,False
1539_01,True
0129_01,True
7219_01,True
8209_01,False
4840_01,True
2645_03,True
2455_01,False
6553_01,False
6062_02,False
5756_01,False
9231_01,True
3753_01,False
8320_01,True
6118_02,True
1864_01,False
0326_01,True
8672_01,False
6654_03,True
3531_01,False
6859_01,True
2589_04,False
1149_04,True
8891_01,False
4262_01,True
7040_01,True
0425_03,True
3279_04,True
9193_01,False
2774_01,False
4064_01,False
2805_01,False
5396_01,False
6763_01,True
5523_01,False
7646_01,True
0714_01,False
2171_01,False
5628_01,True
1100_03,False
7761_02,True
0482_02,False
8468_01,True
5806_01,False
4668_01,True
1540_02,True
7496_01,True
3903_04,False
2287_01,False
2305_01,True
0220_05,False
1834_01,False
6512_01,True
7670_01,True
3608_01,True
3119_01,False
5885_04,False
5848_01,False
7596_01,True
3558_01,False
8068_01,False
0011_01,True
3317_01,False
3238_01,True
3180_01,False
2856_01,False
3212_01,False
3005_01,True
4625_01,True
3586_01,False
0287_02,False
6924_01,False
6913_01,True
6683_01,True
5217_02,True
4706_02,True
0098_02,True
4305_02,True
5721_01,True
1357_01,True
8458_04,True
5194_02,True
8272_02,True
7625_01,False
6451_01,False
1404_01,False
6457_01,False
1020_01,True
6905_02,False
5986_01,True
3622_02,False
5953_01,False
3924_01,True
7843_01,True
2589_03,False
0834_01,False
6650_01,False
6414_01,False
5817_01,True
6017_02,True
5366_01,True
5412_01,True
5375_02,True
6228_01,True
1695_01,False
6111_03,True
9122_01,True
7899_03,True
6120_01,True
4656_01,False
7390_01,False
8721_01,True
2124_01,False
0391_01,True
5027_01,False
4680_03,True
4017_01,False
8204_01,False
3283_02,False
7743_01,False
4219_01,True
4535_02,True
2114_01,True
4950_01,True
7890_03,True
2412_01,False
3848_01,False
1142_01,False
4413_01,False
2373_01,False
4792_01,True
5214_01,True
6490_04,True
7797_01,False
0407_02,False
5064_01,False
1434_03,True
4508_01,False
3816_01,False
6320_01,True
7229_01,False
1758_01,False
2205_01,False
6283_02,False
3342_01,True
8770_03,False
0327_01,False
5240_01,True
8057_02,True
0657_01,True
0134_01,True
0761_01,True
5298_01,True
1144_03,False
6371_01,False
4828_01,False
7946_01,False
8277_01,True
6928_01,False
3123_01,True
7861_01,False
7824_01,False
3039_01,True
6205_01,False
8449_01,False
3864_01,True
4009_01,False
5008_01,True
8368_01,True
3450_02,True
0772_03,True
2306_03,False
8483_01,True
8669_03,False
6664_01,True
4892_01,False
1030_01,False
4663_02,True
3218_02,False
7156_01,True
3484_01,False
4785_01,True
4974_01,False
5813_01,True
8077_01,False
1755_01,False
0689_01,True
6892_01,True
0753_03,True
5842_02,True
6031_01,False
7520_01,False
0476_01,False
7453_01,True
2772_01,False
5196_02,True
1710_01,True
3339_01,True
0368_01,False
1308_03,False
1393_01,False
5970_01,True
6105_01,False
5383_01,False
8122_02,False
6058_01,False
1041_01,True
1234_01,True
0458_01,True
2547_02,False
2497_01,False
1668_01,False
7837_02,True
3850_07,True
2384_03,False
3736_01,True
5980_01,True
7831_01,False
8059_01,False
9081_06,False
4509_01,True
8452_04,False
1186_04,False
1186_05,False
1799_01,False
3737_01,False
1752_01,False
7140_01,False
0615_03,True
0243_01,False
2774_03,False
3279_02,True
3937_01,True
4005_05,False
8580_01,False
8986_02,False
1638_01,False
0568_01,False
9257_01,True
7943_02,True
3704_01,False
4603_02,False
3747_03,False
6894_03,True
6091_02,False
8438_01,False
1829_05,True
4292_01,False
6148_01,True
7031_01,True
5234_01,True
7165_01,True
7200_01,True
0714_02,True
1872_01,True
0471_02,True
7270_01,True
2752_02,True
4980_02,True
6215_02,False
7914_03,False
7770_02,False
3713_01,True
7121_01,True
3767_01,False
7881_01,False
6649_01,False
1210_02,False
4476_01,False
6934_01,True
2015_01,False
4431_01,True
2106_01,False
3118_01,True
6323_02,True
5876_01,False
2403_01,False
2234_05,False
6309_05,True
2936_01,False
5792_01,False
7815_01,False
4661_02,True
1855_01,False
3774_03,False
6792_01,True
1783_02,True
2508_02,True
4699_01,True
2606_02,False
9275_02,True
0714_04,True
7786_01,False
1040_01,False
4075_01,False
3771_01,False
7425_01,True
3193_01,False
2657_01,False
7604_01,True
6064_01,False
3784_01,False
2764_01,False
1860_01,False
1211_02,False
1175_01,True
7692_01,False
8653_01,False
3926_01,True
3514_01,False
3363_02,False
6458_01,False
4668_02,True
8708_01,False
0447_01,False
0992_06,False
2075_01,False
5478_01,False
8098_04,True
1011_01,False
7763_01,False
8997_01,True
3453_01,True
1817_01,False
0030_01,False
1045_02,False
2195_01,False
9272_02,False
6443_06,False
4841_01,True
1254_02,False
4339_01,False
6493_01,True
5915_01,False
0346_01,True
7290_01,True
5415_01,True
0069_01,False
3438_01,True
6431_02,True
8116_01,False
2762_02,False
2672_01,False
2857_01,False
6101_01,False
1621_01,False
4663_03,True
5181_01,True
8147_01,False
3609_02,False
7632_01,False
4001_02,True
2347_05,True
8862_04,True
3903_01,False
5124_01,True
3912_01,False
0551_01,False
7084_01,False
9008_01,False
5044_01,True
5704_01,True
1134_01,True
2552_02,False
1569_01,True
7080_01,True
4179_01,True
4981_03,False
6545_01,False
2225_01,False
4249_01,True
4577_01,True
0733_01,False
5814_05,True
0199_01,True
0570_01,True
7242_01,True
4280_01,False
2655_01,True
7142_03,True
5269_01,True
8458_05,True
0382_01,False
3026_01,True
2137_03,True
2826_01,False
1451_01,False
9081_07,False
8871_02,True
8295_01,False
4625_05,True
4140_01,False
3988_01,False
1362_01,True
8910_01,False
7902_01,False
1691_01,False
8968_01,True
1937_01,True
0289_01,True
6071_01,True
0025_01,False
8975_02,False
8202_06,True
5424_01,False
2900_01,True
2438_01,True
1962_01,False
6174_03,True
2558_02,True
3361_04,True
8474_01,False
8457_01,False
1846_01,False
1624_01,True
6045_01,False
4580_01,True
6751_01,True
7749_01,True
2759_01,False
5586_01,False
8841_01,True
0220_07,False
4001_07,False
8052_01,True
1311_03,False
1749_01,True
1974_01,False
2032_01,True
8148_01,False
6764_02,True
0809_04,True
5315_01,False
3928_02,True
2572_01,True
3693_01,True
3609_04,True
3439_03,True
2901_01,False
4804_01,False
0222_01,False
3817_01,False
4790_01,True
1214_01,False
4756_02,True
4720_01,True
3913_02,False
4923_01,True
8824_01,False
4594_04,False
8186_02,True
4710_01,True
9052_01,False
7872_05,True
7937_02,True
6138_01,False
1211_03,False
7189_01,True
5847_01,False
4501_01,True
7994_01,False
0964_02,True
2867_01,True
1829_01,True
3338_01,True
2595_03,False
7524_01,True
1228_02,True
2404_01,False
7890_02,True
5959_01,True
6139_01,True
5747_01,False
3622_01,True
0167_01,True
4975_01,True
6360_01,True
7859_01,False
4562_01,True
8069_01,True
4255_01,True
4532_01,True
0417_01,True
1491_02,False
7687_01,False
4401_02,True
1493_01,False
4446_03,True
3205_01,True
4597_01,True
5223_03,True
4803_01,True
5788_01,False
2433_01,True
0341_01,False
7870_01,True
6102_01,False
7709_01,False
3292_04,True
3433_01,False
2424_01,True
5561_02,False
2928_01,False
7676_01,False
1149_03,False
8034_01,True
0224_01,False
7788_01,False
4400_03,True
7873_02,False
0074_01,True
8314_01,False
1465_01,False
8131_01,True
2406_01,True
5162_01,True
4229_01,False
4390_02,True
6964_01,False
5756_04,False
2091_01,False
1745_01,False
4644_01,True
8487_01,False
5927_01,False
7572_01,True
0245_02,False
2387_01,False
0927_01,False
4791_01,True
3476_03,True
6321_03,True
7436_01,False
0642_01,True
5104_01,True
3402_01,True
0504_02,True
6994_02,False
5808_03,False
0848_02,True
6567_02,False
8981_01,False
6066_01,False
8395_01,False
6000_01,False
0376_01,False
6569_01,True
2983_01,False
6407_01,True
2060_01,False
6866_01,True
5824_01,True
4245_01,True
3181_01,False
4550_01,False
8988_06,True
4594_01,False
5921_02,True
4352_01,True
3091_01,False
8819_01,False
7219_02,True
1540_01,False
5238_01,True
0498_01,True
2291_01,False
3395_01,False
3359_01,True
0020_03,False
2687_01,True
0564_01,True
1767_02,False
0516_01,False
4973_01,False
7633_01,False
2712_01,True
4625_02,True
7527_01,False
8894_01,True
6351_01,True
4929_01,True
5226_01,True
0053_01,True
3270_01,False
7448_01,False
6602_01,True
6561_02,True
0527_02,True
8229_01,True
6262_01,True
3305_01,True
3223_01,True
8129_03,False
1155_01,True
2966_01,True
4432_01,False
4606_02,False
2153_01,True
7650_03,True
2589_02,True
3732_01,True
2052_01,False
1681_01,False
6921_05,True
3563_01,True
7621_01,True
1880_01,False
1154_03,True
6471_01,True
5811_01,False
7789_01,False
3747_04,True
8398_01,True
4317_01,True
9069_01,True
3258_01,False
7803_01,True
5052_01,True
2537_01,True
4181_05,False
5504_01,True
9239_01,True
2019_01,True
7430_01,False
3382_01,True
6637_01,False
6422_01,False
0668_01,False
0169_01,True
2215_04,False
1187_01,True
4505_02,False
8479_01,False
9060_01,False
5463_01,False
2532_01,False
2410_01,True
7646_03,True
6239_01,False
1038_01,False
5589_01,True
8996_01,False
8986_01,False
1658_01,False
1672_01,False
5506_01,True
8288_02,False
8202_05,False
1442_01,True
0811_02,True
1606_01,False
0957_01,True
6833_01,False
2139_01,True
1918_02,True
7713_01,True
5125_01,False
4099_01,False
4345_01,False
3631_01,False
3913_01,False
8504_02,True
5725_01,False
1663_01,True
7693_01,True
2115_01,True
4780_01,False
7993_01,True
0301_01,True
6541_01,False
4875_01,False
5116_01,True
7186_02,False
6442_01,False
4542_01,True
6674_05,False
3543_03,True
6973_01,False
0942_01,False
8050_01,False
1190_01,True
8503_01,False
5171_01,True
5825_01,True
5545_02,True
0940_01,False
6672_04,True
7452_02,True
6408_01,True
8626_01,False
3292_01,True
5732_01,False
2581_02,False
1371_01,False
0313_03,False
3570_01,True
1083_02,True
7507_01,True
4795_01,False
8671_01,False
6674_01,False
4695_01,True
5686_02,False
2219_01,False
5458_01,True
7249_02,True
2824_01,True
8466_01,False
1651_01,True
5424_02,False
0705_01,True
3365_01,True
0809_01,True
3287_01,False
6489_01,True
3856_01,True
1375_02,True
8838_01,True
7104_02,True
6984_01,False
2837_01,False
3443_01,False
4256_06,True
6309_02,True
6945_01,True
4998_01,False
1423_01,True
0984_08,False
2724_02,False
1310_01,False
3033_01,False
5006_02,True
2135_01,False
3931_01,False
3823_01,False
3312_01,False
9020_01,False
2727_01,False
7929_01,False
0092_01,True
7999_01,True
3749_02,True
5246_01,True
2846_01,False
7561_01,False
2461_01,False
0539_04,True
4469_02,False
4981_02,True
3700_01,False
3332_02,True
5361_01,True
2641_01,True
8615_02,True
6200_01,True
4000_03,True
5488_03,False
8796_06,True
1729_01,False
0926_02,False
4036_01,False
6398_01,True
0193_02,False
2707_01,False
4558_01,False
6326_01,False
0503_02,False
4757_01,False
9046_01,True
0585_01,True
3857_01,True
0504_05,True
5074_01,False
0938_01,False
5875_01,False
5447_01,True
1739_01,True
2310_04,True
4663_01,True
5924_01,False
9254_01,True
8271_01,True
3512_01,False
4359_02,True
8536_01,False
0028_01,False
5780_01,True
9168_02,True
7507_02,True
9127_01,False
6787_02,True
0454_02,True
3390_01,True
6915_01,True
6055_01,False
7314_01,True
7588_02,False
1046_01,False
3126_01,False
0164_01,False
6798_01,False
4680_04,False
6096_01,True
0846_01,True
7007_01,True
1455_03,True
4508_03,False
6546_01,False
2182_01,False
2765_01,False
1529_01,True
6444_01,True
6676_01,True
8719_02,True
5709_01,False
8939_01,True
3175_01,True
8161_01,False
3289_01,True
3630_01,False
4593_01,True
2467_01,False
2887_01,True
6254_01,True
6950_01,True
3853_01,True
8222_01,False
0316_01,True
3775_02,True
6201_01,False
5647_03,False
5983_01,False
0984_03,False
2168_02,False
7990_01,True
3071_02,False
2755_01,True
7034_01,False
5060_02,True
5981_01,False
6544_01,True
7061_01,False
0585_03,False
0151_01,True
7639_01,True
1796_01,True
9157_01,False
4084_01,True
0149_01,True
5557_01,True
6525_01,False
3703_01,True
4880_01,False
4061_03,True
2872_01,False
5057_01,True
2822_03,True
1612_01,True
6561_01,False
3428_02,False
3071_01,True
0926_01,True
5627_01,True
1897_01,False
0797_01,False
8753_03,False
4813_01,True
8688_01,False
4939_01,True
5748_01,False
7958_01,True
6947_01,True
2797_01,False
2254_01,False
6674_02,True
7447_01,False
7290_02,True
8470_01,False
6530_01,False
5343_01,False
7494_01,False
8117_02,False
0970_01,True
8129_01,True
0433_02,False
3702_01,False
2133_02,True
4172_07,True
7837_01,True
3964_01,False
8813_01,False
8143_01,False
8202_01,True
0889_01,True
0982_02,False
7783_01,True
0456_01,False
2968_01,True
8770_07,False
6593_01,True
8728_05,True
0217_01,False
0320_02,False
3454_01,True
8147_03,False
4502_01,True
8398_02,True
7069_01,False
6951_01,True
4176_02,True
2929_01,False
2056_01,False
1211_01,False
1024_04,True
5822_01,True
4555_01,False
6675_01,False
6601_01,False
3974_02,True
4143_01,True
3032_02,True
4395_01,False
6090_01,True
3054_01,False
2368_01,False
2558_01,True
7498_02,True
4711_01,False
0181_01,False
8297_01,False
8091_01,False
6029_01,False
2739_01,True
4031_02,True
4586_01,False
4645_02,True
1901_02,True
7157_01,True
7082_01,False
3654_02,False
6990_01,False
3871_01,True
0008_01,True
8115_02,True
4017_04,True
4069_01,True
1210_01,False
5965_01,True
2532_02,True
1391_03,False
3866_01,False
0244_01,True
8038_01,True
3750_02,False
8755_01,True
2773_01,False
3786_01,False
1811_02,False
0661_01,False
9081_05,False
4490_01,True
4868_01,False
0786_01,True
7800_01,True
9218_01,True
3470_01,True
0212_02,False
8024_01,False
6191_04,True
1500_06,True
1544_01,False
0565_01,False
8884_01,False
4739_01,True
4759_01,False
8021_01,False
2582_01,False
1543_01,True
2299_01,False
8853_01,True
0321_01,False
7166_01,False
7488_01,False
8948_02,True
5384_02,True
1425_02,False
2792_01,True
2123_01,True
4498_05,True
3868_02,False
5069_01,False
3419_01,False
3470_02,True
3596_01,True
5728_01,False
5967_03,True
5780_02,True
6765_01,True
8147_04,True
4154_01,True
1615_03,True
4030_03,True
3413_01,True
8815_01,False
6779_04,True
0050_01,False
5122_01,True
8680_01,True
5946_01,False
6328_01,True
0358_02,True
5174_02,False
7865_02,True
2232_02,True
6748_02,True
6903_01,False
6141_02,False
2720_01,False
5128_02,True
4782_04,True
8566_01,False
3111_01,False
8728_06,True
2820_01,False
5305_01,True
8393_01,False
6814_01,True
3991_01,False
5446_01,True
8242_01,True
6917_01,False
0903_01,True
5689_01,False
2717_01,False
6971_05,True
8121_01,True
9148_01,False
0696_01,False
8203_02,True
1855_02,False
1452_03,False
7010_01,False
5177_01,True
2700_01,False
8789_01,True
5890_01,True
5837_01,False
1959_03,True
1552_01,True
2306_05,True
3262_01,False
6970_02,False
5469_01,True
1294_01,True
3772_01,False
4726_03,False
5568_02,True
1323_01,True
4794_01,False
4172_02,False
0381_01,True
4465_02,False
2625_01,True
4001_03,True
5197_01,True
1861_01,True
0144_01,False
4006_01,True
3188_01,True
1311_01,True
6485_02,False
7079_01,False
8753_02,False
2306_01,True
9075_01,True
1978_01,False
9128_02,True
6468_04,False
5427_01,True
2092_05,False
0133_02,False
6787_04,True
3394_01,True
3620_01,True
2256_01,False
7406_01,True
4256_07,False
1035_01,True
5435_01,False
4044_01,False
4108_01,True
4031_01,True
8764_01,True
8060_01,False
8657_01,True
2825_01,True
2229_01,False
6266_01,True
7894_01,True
3992_01,False
6745_01,False
6684_03,False
6181_01,False
3970_01,False
7968_01,False
5984_02,False
6991_01,False
2839_01,True
0512_01,True
4940_01,True
2261_01,True
6443_07,True
6865_02,True
8255_01,False
3715_04,True
1455_02,True
8072_01,True
2747_01,True
2022_01,True
3323_01,True
7256_01,False
0174_01,False
7872_02,False
8956_06,True
0304_01,False
8808_01,True
7156_03,True
2264_01,False
5188_03,True
3691_01,False
4763_01,True
0938_02,False
6608_01,False
6001_01,True
2910_01,True
2960_01,True
2770_01,True
8639_02,False
4309_01,True
4204_01,True
7665_01,True
5994_01,False
5882_01,False
1511_01,False
0789_02,False
2925_01,False
2088_02,False
1077_01,False
0506_01,True
5367_01,True
5282_03,True
7649_01,False
3176_01,True
3660_01,True
4980_03,False
0081_01,True
5909_02,True
0471_01,False
1871_01,True
7780_01,False
1192_01,False
8173_01,True
7518_02,False
9007_01,False
8092_02,True
0870_01,False
3732_02,False
7918_01,True
2042_01,False
1540_03,False
3973_01,True
3065_01,True
5785_01,False
5598_01,False
8508_02,True
3711_01,True
0863_03,False
8687_01,True
1888_01,False
0221_04,True
4258_02,False
5303_01,False
4219_02,False
5927_03,True
3735_02,False
2736_01,False
6675_02,False
7449_01,False
0257_02,True
0602_02,False
5531_02,True
0729_01,True
0163_02,True
3774_01,False
1979_01,False
4446_01,False
6832_01,True
3915_01,True
2734_01,True
5363_01,True
6324_02,True
1053_01,False
3128_01,False
2385_01,False
0969_01,True
8378_01,False
0278_02,False
1964_01,False
0757_01,False
4335_01,True
2861_01,False
7724_01,False
7770_01,False
6921_02,True
2274_02,True
5459_01,False
7848_01,False
0772_04,True
6547_01,False
7624_01,True
0794_01,True
6324_03,True
2790_04,False
0765_02,False
8317_01,False
6784_02,False
1971_01,False
6422_03,False
2402_01,True
0770_04,True
6033_02,True
9219_01,True
0726_01,False
4796_01,True
1769_01,True
6334_03,True
3001_02,True
7062_01,False
1186_03,False
6378_01,True
3779_01,True
4324_01,True
8586_01,False
2993_01,False
6032_02,False
4678_01,True
1283_01,False
8124_01,True
3662_01,True
3418_01,True
6827_01,False
4173_01,False
0119_01,False
5084_01,True
6030_03,False
5281_01,False
9185_01,False
3458_01,True
3401_01,False
9196_03,False
3032_01,False
3110_01,False
2661_01,False
3796_01,True
1802_01,False
2209_01,False
8339_02,False
4130_01,True
3025_02,False
5244_01,False
8130_02,True
5348_01,False
1112_01,True
1624_03,True
6662_01,True
0009_01,False
1659_01,False
5355_02,True
1661_03,True
4246_01,False
2120_01,True
3745_01,False
6987_01,True
2200_01,False
1992_01,True
4909_01,True
6443_03,True
1661_02,False
4251_01,False
4786_01,True
3911_03,True
5912_01,True
5652_01,False
6858_01,True
8365_01,True
5090_05,False
1779_01,False
7093_01,True
2949_01,True
6643_01,False
5527_02,True
6671_02,False
1153_01,True
7650_04,False
2121_01,False
0851_01,False
5723_01,True
6756_03,True
0709_02,True
1397_01,False
7330_01,False
2544_01,True
4850_02,True
2578_01,False
7521_01,False
6432_01,False
8667_01,False
8064_03,True
6779_03,True
3999_01,True
4690_01,True
8988_07,False
1576_01,False
8831_01,True
1614_01,False
5126_01,True
4932_01,True
8638_02,True
6308_01,False
6399_01,True
0006_01,True
3282_01,True
0822_01,False
8268_01,True
3572_01,False
8868_01,False
2596_02,True
0007_01,True
8383_02,True
8658_01,False
1808_01,False
5271_01,False
0553_02,True
2831_01,False
2909_01,True
1056_01,True
1203_01,False
8012_01,True
4340_01,True
4448_01,True
2822_04,True
4664_01,False
4676_01,True
5017_01,True
8432_01,False
4093_01,False
2347_02,False
4428_01,True
8015_02,False
1882_02,True
0254_01,False
7206_01,False
5814_02,True
8637_03,False
1806_01,False
8789_02,False
1065_01,True
3741_01,True
6366_01,False
4178_01,False
0408_01,False
5705_01,True
0879_01,False
8386_01,False
0441_01,False
8926_01,False
4005_01,False
6325_02,False
4197_03,False
3019_01,False
8727_01,False
2718_01,True
7902_03,False
1897_02,False
1228_01,True
8709_01,False
4784_01,True
7459_01,False
1274_01,False
2729_01,True
5828_01,False
0234_01,True
6799_01,True
6207_03,False
7260_01,False
3497_01,True
3757_01,True
0401_02,False
8371_01,False
6821_01,False
6939_01,False
8752_01,False
1356_01,False
4096_01,False
5902_01,True
0140_01,True
0336_01,False
4497_01,True
4169_01,True
1903_01,True
6563_02,False
5894_01,True
8999_01,False
0252_01,False
5136_01,True
2520_01,True
4772_01,True
1174_01,True
1308_01,True
4888_01,True
5115_01,True
8056_01,False
0925_03,True
1434_01,False
9068_01,False
4450_01,True
4952_01,True
8043_01,True
1443_01,True
8573_01,False
7039_01,False
0770_03,False
0583_02,True
6173_01,True
4506_01,False
1887_01,True
3703_02,False
1282_01,True
5089_01,False
3707_01,False
4475_01,False
4208_01,True
7367_02,False
0984_01,False
2574_01,False
5274_01,False
2009_01,True
5552_03,False
6415_01,True
4177_02,True
9280_02,True
1239_01,False
3237_03,False
3179_01,False
1093_01,False
6020_02,True
8696_01,True
2317_01,False
3715_01,True
8419_01,True
0475_01,False
4210_02,True
0091_02,False
6330_01,True
6994_01,True
0770_02,False
8588_01,True
6422_04,False
7376_01,True
6348_01,False
8224_01,True
8961_03,False
2110_01,False
6753_02,True
1288_01,False
6622_02,True
8108_01,False
0313_01,False
7972_01,True
2074_02,True
0701_01,True
3195_06,False
2111_01,False
5887_02,False
5662_02,False
0568_02,True
8380_01,False
2194_01,False
0571_03,True
4514_01,True
1650_01,True
1826_01,False
8036_01,False
1646_01,True
8641_03,True
0448_01,False
7523_01,False
1434_02,True
9227_05,False
7790_01,True
0294_01,True
0690_01,True
8057_01,True
5967_02,True
8458_06,True
0811_03,True
3468_01,True
6549_02,False
2756_01,False
3216_03,True
2876_01,False
9161_02,True
6400_02,False
6472_01,True
3405_02,False
8964_02,True
9179_02,False
9101_01,True
5213_01,True
3067_01,True
7569_01,False
7707_01,False
2396_01,False
8168_08,True
9118_02,True
8419_02,False
4465_03,False
0359_01,False
2789_01,False
8291_01,False
3330_01,False
3699_03,True
3158_01,False
3713_02,True
6162_01,False
8836_02,False
8226_03,True
6299_01,True
0031_02,True
8448_01,True
2332_01,False
8404_02,True
8318_03,False
8948_01,False
4878_01,False
2560_03,False
2763_01,False
7353_03,False
7498_03,True
2500_01,False
8280_01,True
7507_03,True
5809_01,False
4030_01,False
8570_01,True
7450_01,False
0925_02,True
9057_02,True
7053_01,False
8171_01,False
1261_01,False
3484_02,True
7089_01,True
7128_02,True
0863_02,False
0283_02,True
8182_01,False
2893_01,False
4027_01,False
4679_01,True
5050_01,False
4204_02,False
5974_01,True
3076_01,True
5706_02,True
0714_06,True
7592_01,False
4625_03,True
3236_02,False
5536_01,True
6663_02,False
0287_01,True
4453_01,True
6739_01,True
2562_02,False
2509_01,True
6921_03,True
6853_01,False
8816_01,True
5724_01,True
2173_01,False
7328_01,False
4927_03,True
5091_01,False
2253_01,False
3022_01,False
1579_01,True
4663_05,True
6482_01,False
7515_01,True
6191_02,True
0795_01,False
3164_01,True
1980_03,True
7037_01,False
3911_01,False
0583_01,True
6970_01,False
8335_01,False
0630_01,True
1699_01,False
4885_01,True
7210_01,False
2858_03,True
7955_01,False
5955_01,False
5898_01,True
0992_03,False
3499_03,False
1800_02,False
2607_02,True
5651_01,True
3409_01,False
4109_01,True
6055_03,False
3284_01,True
4758_01,True
7986_01,False
7536_01,True
3104_01,False
3688_01,True
0569_01,True
5466_04,False
7791_01,False
2901_02,False
7186_03,False
4001_05,False
6699_01,False
7879_01,False
0461_03,True
8300_01,False
8944_03,False
8673_01,True
5960_01,True
1406_01,True
2527_01,True
5820_01,True
1938_01,False
7542_01,False
3282_03,True
6452_01,False
5290_01,False
0358_01,False
2972_01,False
8694_01,True
5934_01,True
3260_01,False
2515_01,False
8992_01,False
7712_01,True
1211_05,True
7805_01,False
5812_01,True
5491_01,False
5606_01,True
2809_01,False
4347_01,False
5165_01,True
3274_01,True
7856_01,False
5927_05,True
2409_02,False
3629_01,True
4723_02,True
4416_01,True
2449_02,True
3210_02,False
6137_05,True
6220_01,False
2056_02,False
8701_01,False
6468_03,True
3824_01,False
8545_01,False
1588_01,True
1347_01,True
3737_02,True
7188_03,True
6139_06,True
0784_01,True
5132_01,False
7757_01,True
2089_01,False
0113_01,False
7851_01,True
5072_02,True
3944_01,False
2272_02,False
4066_01,False
5843_01,True
8754_01,True
3004_01,True
8902_01,True
0381_02,True
6509_01,False
1161_02,False
7643_02,True
6402_04,True
5133_01,True
4963_01,True
2067_02,False
5488_01,True
8157_03,False
7098_01,False
5667_01,False
8348_01,True
0002_01,False
1083_01,True
7402_01,True
0645_01,False
5930_02,False
8427_01,True
6082_01,True
0071_01,True
8606_02,False
7290_04,False
1925_01,False
4181_02,True
1728_01,False
5625_02,False
8826_03,False
3778_01,False
2432_01,False
8504_01,True
6825_01,True
3995_06,False
6136_01,False
2799_02,True
3930_01,False
4156_01,True
5355_01,True
8491_01,True
4338_03,True
0968_01,False
1670_01,False
4219_03,False
1162_01,False
5552_01,False
3337_03,False
1561_01,False
7069_02,True
0439_01,True
4329_01,False
1336_01,False
5116_02,True
0770_01,True
9184_01,False
1451_02,True
2661_02,True
7342_01,False
1636_01,False
3080_01,False
1797_01,True
4883_01,True
2723_02,True
1236_01,False
6022_01,False
2754_01,False
7479_01,True
1415_01,True
5744_01,True
9085_02,False
0097_01,False
4141_01,False
8213_01,False
4291_01,True
3923_01,False
3921_01,True
4171_01,True
5350_01,False
9175_01,True
7902_02,True
3938_03,True
0233_01,False
5566_01,False
0219_01,True
5387_01,False
1738_01,False
2397_01,True
8158_01,False
3747_01,True
5380_01,False
7937_01,True
6698_01,False
8119_03,False
2369_01,True
3942_01,False
8465_01,False
6137_06,True
3308_01,False
4846_01,False
4509_03,True
0573_01,False
0946_01,False
5539_01,False
4857_01,True
9241_01,False
9181_01,False
3985_01,False
8129_04,False
0636_02,False
0197_01,False
4738_01,False
2807_02,True
3680_01,False
0889_02,True
8251_01,True
5462_01,False
8559_03,True
0444_02,False
0453_01,True
4473_01,False
6985_01,False
5765_01,True
5250_01,True
6487_01,False
1800_05,False
3890_01,True
7191_01,False
9097_01,True
1997_01,True
2470_02,False
8987_01,True
0070_01,False
5337_01,True
1075_02,True
2395_01,False
0452_01,True
1407_02,False
9019_01,False
5761_01,True
3147_01,False
5254_03,True
4522_01,False
1425_01,False
0258_01,False
6433_01,True
5733_01,True
3995_01,False
3319_01,True
4216_02,True
6463_01,False
7984_02,True
1905_01,False
8232_01,False
2145_01,True
2295_01,False
8409_01,False
5537_01,False
7936_01,False
3096_01,False
1002_01,True
4003_01,True
2167_01,False
8339_01,False
9072_01,True
5773_01,True
4686_01,True
8614_01,True
7370_01,False
6325_01,True
2920_01,True
8826_01,False
0423_01,True
3795_01,True
5786_01,False
8661_01,False
4181_03,True
7186_01,True
1457_01,False
7484_01,True
6910_01,False
0240_01,True
2795_02,False
4113_02,True
1764_01,True
4371_04,True
3927_01,False
6926_01,False
5256_01,False
5644_01,False
4125_01,False
6111_01,True
8551_01,False
3874_02,False
4256_04,False
0397_01,True
1890_01,True
9030_02,False
5574_01,False
8243_01,False
6722_01,True
6052_01,True
8656_03,True
7437_01,True
8836_01,False
2423_01,False
1036_01,True
7785_01,False
8604_01,False
2449_01,True
5812_05,True
0383_02,True
5609_01,True
6416_01,False
4712_01,True
3485_03,True
0646_01,True
8670_01,True
0229_01,False
1170_01,False
4305_01,False
3461_01,False
1404_02,False
3227_01,False
2640_01,False
5927_02,False
8585_01,False
0930_01,False
1682_01,True
8035_01,True
6431_01,False
5729_01,True
4654_01,True
2116_01,True
1322_01,False
6218_01,True
2137_02,True
0503_03,False
8115_01,True
7914_01,True
4267_02,True
8736_01,True
4539_02,True
8744_01,False
7410_01,True
1238_01,True
9114_01,True
4032_01,True
5863_02,False
8571_01,False
3897_01,False
5783_01,True
4979_01,True
1967_01,False
8528_01,False
7984_01,True
3301_02,False
0849_01,True
3476_02,True
7301_01,True
1768_01,False
5133_05,True
5156_01,True
0453_02,True
7022_01,True
1688_03,True
2374_01,False
4695_02,False
8147_02,True
0383_01,False
7782_01,False
1500_04,True
8257_01,False
5714_04,True
8659_01,False
4774_03,False
6517_01,False
5535_03,True
3835_01,True
6008_01,False
7341_01,True
1417_01,False
6665_02,True
5301_02,True
0992_01,True
3055_01,False
5969_02,True
4896_01,True
9073_02,True
7001_01,True
5524_01,True
1548_02,True
5266_02,False
1444_01,False
6556_01,True
7585_03,True
6511_02,True
0712_02,True
4168_01,False
8015_01,True
4337_01,True
8276_01,True
4625_07,True
5184_01,True
8414_01,False
0619_01,True
4131_01,True
3197_01,False
7671_01,False
7257_01,True
7374_01,True
6354_01,True
3063_03,False
3103_01,False
2676_01,False
3531_02,True
8004_01,True
0026_01,True
5304_01,False
6034_02,True
6787_03,True
6751_02,False
0644_01,True
2183_01,False
8097_01,True
0933_01,True
1458_01,True
1988_01,True
3879_01,False
6028_05,True
1110_02,True
1182_03,True
2367_01,False
8442_01,False
2589_01,True
4127_01,True
5823_01,True
0883_01,False
9208_01,False
8675_01,True
3492_01,False
7307_01,False
7051_01,False
9252_02,True
2097_01,True
0566_01,True
8691_01,True
6730_01,True
6076_01,True
5422_01,True
2882_01,True
5070_01,True
1012_01,True
0597_01,True
8654_01,False
1849_01,False
8064_02,True
1110_01,False
4303_02,False
3640_01,False
8407_01,False
4847_01,True
6749_01,True
4424_01,False
0119_02,True
1719_01,True
0933_02,False
6363_01,True
0693_02,False
6947_02,True
7486_01,False
8700_01,False
7437_02,True
5451_01,True
5389_01,True
6126_01,True
8669_01,False
0255_01,True
1617_01,False
8964_03,True
2311_01,False
2738_01,False
4043_01,False
5631_01,False
5157_01,True
1957_01,False
2877_01,False
3976_01,True
2969_01,False
7616_01,False
6862_02,True
8368_02,False
4635_01,True
0015_01,False
6946_01,False
7095_01,True
6500_01,False
5952_01,True
2553_01,True
9169_01,True
3919_01,False
2549_03,False
1026_01,False
5973_01,False
0195_01,False
1507_02,False
4035_01,True
2606_01,False
0520_01,False
6254_02,True
0556_01,True
0034_01,True
6894_01,True
4804_03,True
5596_01,False
7168_01,True
8891_02,True
6654_01,True
2224_01,False
6176_01,True
2737_02,False
1221_01,False
6367_02,True
5248_01,False
1114_01,False
2992_01,False
4216_01,True
4371_02,False
1149_05,False
7508_01,False
5662_01,True
3773_03,False
5799_01,True
1384_01,False
3318_02,True
3550_02,False
8200_01,True
2203_01,False
3211_03,True
9116_01,False
0413_01,False
6736_01,False
0935_01,False
7013_01,True
7552_01,True
6741_02,False
2454_01,False
9197_01,True
5039_02,True
6662_02,True
3886_01,True
7278_01,False
2303_01,False
6139_05,True
0636_01,False
6418_01,False
4571_01,True
7358_01,False
3361_02,True
1844_03,False
6595_01,True
2310_01,True
8123_01,True
9131_01,True
8606_03,False
1102_01,False
8867_02,True
1424_04,True
0878_01,False
0922_02,False
6638_01,True
2709_04,True
5808_01,True
3408_01,True
8273_01,False
6302_03,True
1507_01,True
1767_04,True
0481_01,True
2926_01,False
3775_01,True
0985_01,False
3868_01,False
0485_01,False
5681_01,True
8598_03,False
8433_01,False
7218_01,True
8816_04,True
0482_01,False
5827_01,False
9272_01,False
6111_05,True
6028_04,True
8281_01,False
2890_02,True
3140_01,False
2279_01,False
0313_02,True
8462_01,False
2626_01,False
7500_01,False
6831_01,True
4970_01,True
7217_01,False
2086_02,True
0607_01,False
5706_01,True
2237_01,False
1619_01,True
5105_01,True
6663_01,True
2958_01,False
6622_01,False
7627_01,True
5103_01,True
3550_03,True
4920_01,True
9225_01,False
2090_01,True
3382_02,False
2156_01,False
1186_01,True
0183_01,False
1398_01,False
0498_02,True
5345_01,False
4450_03,True
2892_03,True
3605_01,True
2919_01,True
7620_01,False
4364_01,True
1141_01,False
6095_01,False
3279_03,True
4553_01,False
7901_01,True
7595_01,False
2984_01,False
4564_01,False
4927_01,True
8212_01,False
4218_02,True
9275_03,True
4661_01,True
1829_04,True
4808_01,False
5423_02,True
2512_02,True
4708_01,False
5174_01,True
2363_01,True
2147_01,False
4183_01,False
4112_01,True
3518_01,False
0213_01,False
3297_01,True
3636_01,False
1324_01,True
2935_01,False
9013_01,False
5443_01,False
0437_01,False
7754_01,False
8552_01,False
1304_02,True
1024_03,False
7091_01,True
9205_01,True
8818_01,True
3299_01,False
2384_04,False
2066_01,False
1899_01,False
1287_01,True
8135_01,True
0990_01,False
7085_01,True
3958_01,False
0912_01,True
6334_04,True
9157_07,True
2092_01,True
3161_01,False
1086_02,False
2913_01,False
8306_01,False
3392_04,True
3639_01,True
2650_01,False
7559_01,False
7202_01,False
3504_01,True
0212_01,False
5601_04,True
2375_01,False
5611_02,False
8796_01,False
1097_01,True
0275_01,True
7111_01,False
4769_01,True
0407_01,False
0211_03,False
3204_01,False
0431_01,True
1976_03,True
5416_04,True
4017_05,False
8383_07,False
4565_01,False
7402_02,True
1956_01,False
2013_01,False
4039_01,False
9021_01,False
9242_01,False
5142_04,True
7631_01,False
6411_01,False
0610_01,False
5522_01,True
6997_01,False
5575_02,True
5938_01,False
6873_01,False
2345_01,True
3940_01,False
8133_01,False
5485_01,False
4961_01,False
7517_01,False
9115_01,False
5051_01,False
6590_02,False
8233_02,False
2625_02,False
2356_01,False
5220_01,False
4210_01,True
6028_03,True
4696_01,True
8287_01,False
8156_01,False
3909_01,True
7388_01,True
5239_01,True
9072_02,True
8203_01,True
1717_01,False
5154_01,False
0607_03,False
9094_02,False
0512_02,True
8046_01,True
5512_02,True
8876_01,True
1054_01,False
4400_01,False
8377_01,False
6042_01,False
6030_01,True
6490_02,False
0064_02,True
7573_01,True
5129_01,True
4801_01,True
0378_07,True
0073_01,True
4023_01,True
8770_05,False
3548_01,True
0819_01,True
0647_03,False
0290_02,True
6402_05,True
1884_01,False
8107_01,False
2628_01,True
6988_01,False
3396_01,True
1421_01,True
3710_02,False
7877_01,True
6668_02,False
4172_03,True
4930_01,True
0756_02,False
8315_01,False
5692_01,False
2137_01,True
1100_04,False
3280_02,False
3195_03,True
1230_01,False
1976_02,True
2312_01,True
5207_01,True
4257_01,True
2291_02,False
8827_01,False
7972_02,False
1603_02,False
2149_01,True
5035_01,True
4152_01,False
3928_01,False
0599_03,False
6148_02,True
0004_01,False
2888_01,True
5941_01,True
1325_01,True
7277_01,True
7253_01,False
5264_01,True
5585_01,True
4649_01,False
2496_01,False
7700_01,False
2664_01,True
7192_01,True
9222_01,True
4938_01,True
3987_01,True
1531_01,False
5860_01,False
1622_01,True
0385_01,False
6145_01,False
4822_04,True
1408_01,True
4646_01,True
6810_01,False
0781_01,False
3361_01,True
8343_01,False
7845_01,True
8444_01,True
0575_01,True
5610_02,False
1232_01,True
1267_01,True
2506_02,True
7563_01,True
0103_02,True
5710_01,True
6971_02,True
1861_02,False
9152_01,True
7599_01,False
1324_02,False
1850_02,False
5160_01,False
3797_01,True
6133_01,True
7214_01,True
3272_01,True
6729_01,False
5684_03,False
2581_01,False
0674_01,False
3832_01,False
4144_01,False
8218_01,True
5500_01,False
2476_01,False
5199_01,True
6757_01,False
5716_01,True
0994_02,False
8595_01,False
6510_01,False
1292_01,False
8117_01,True
6402_01,True
8471_01,False
5950_01,False
1731_02,True
2298_01,False
6611_03,True
6843_02,True
1533_01,False
9157_02,True
9173_01,False
4176_06,True
4243_01,False
1058_01,False
2080_01,False
7408_01,True
4483_02,False
1625_01,True
6753_01,True
6328_04,True
4881_01,True
5375_01,True
3474_01,True
6149_01,False
6043_01,True
4365_01,False
